State,2020-03-08,2020-03-09,2020-03-10,2020-03-11,2020-03-12,2020-03-13,2020-03-14,2020-03-15,2020-03-16,2020-03-17,2020-03-18,2020-03-19,2020-03-20,2020-03-21,2020-03-22,2020-03-23,2020-03-24,2020-03-25,2020-03-26,2020-03-27,2020-03-28,2020-03-29,2020-03-30,2020-03-31,2020-04-01,2020-04-02,2020-04-03,2020-04-04,2020-04-05,2020-04-06,2020-04-07,2020-04-08,2020-04-09,2020-04-10,2020-04-11,2020-04-12,2020-04-13,2020-04-14,2020-04-15,2020-04-16,2020-04-17,2020-04-18,2020-04-19,2020-04-20,Total_Cases
Alabama,5,5,5,5,5,30,14.1034999406153,8.47851981100722,4.79701368230584,3.59451862128366,3.07309557150326,3.2889368030153,2.97468095888218,2.51057674428723,2.28689540309403,2.07145244281874,2.04212491215242,2.76979376862694,2.858167500626,2.44918326236627,2.04607945019383,1.8563235765604,1.76847317692482,1.5368969450461,1.29640654690725,1.2311490602457,1.41515627862249,1.34743700961991,1.38054343843491,1.3396196894651,1.40513506439037,1.50825220781295,1.54133049033708,1.29983593373721,1.32651850906788,1.3299987695541,1.28012303295499,1.1734225246556,1.11119924729028,0.970855918628669,0.932120040525094,0.912520576202808,0.838818816120214,0.837363989476199,5074
Arizona,4.95857142832992,4.28119659774461,2.84523067840908,3.47580971529299,2.51570998778606,1.70663125681595,1.47078310473403,1.35617373274925,1.8505526694516,1.91384080670301,1.96032980156828,3.23484163810468,3.6256063115983,4.16899073666378,4.04982389554317,3.94803302722838,3.60487849270127,2.90232312089472,2.55430991297457,2.4925944702115,2.1354283815627,1.94933305484804,1.93743180220572,1.69394300321913,1.53130528876506,1.46469606157391,1.34952506143947,1.40123793416075,1.40548584738999,1.24632524691426,1.15430485544641,1.13247428215955,1.19148963690487,1.08488251541394,1.08065174822411,0.981677083047554,0.957683947153382,0.954940326367324,0.968567578469729,0.961009609537933,1.11201895024925,1.04430412083663,1.07590978736594,1.04239173950537,5063
Arkansas,5,5,5,10,12.1149517836282,4.95857142832992,4.99472936403538,3.5730833018141,5.06926874243635,3.10161923564037,2.33274210120502,4.32395781975284,4.00552626412069,3.65845737253742,4.14365193922769,2.93769985706554,2.38336389919184,2.45555263864203,1.93673001571112,1.74027742865349,1.44728859280075,1.18416035248476,1.2624350716601,1.3031025227851,1.17436597987987,1.20407873468031,1.17458971001747,1.08322594967608,1.27777785340127,1.27155727724489,1.24077420568083,1.22851558190289,1.20083274540059,1.15078911295854,1.14579115419311,0.953736971674403,1.18145332796741,1.04897408674337,1.05632775927928,0.959041516549621,1.00946987514554,1.14707241568816,1.03841765170469,1.04824639228708,1927
California,2.63789045760421,3.14042749390919,2.62838796448823,2.80322888684407,2.19075884499747,2.06548775538799,2.12649397428124,2.20388035745843,1.97601597826096,2.08519308750302,1.94918423334377,1.98772511602819,2.00728885529329,1.81309191281278,1.74817363032484,1.8753254302718,1.78794242916134,1.77758787060758,1.93321439047118,1.94284005223335,1.90169981021713,1.72739600217166,1.62864791454604,1.64752758285848,1.65792175806189,1.53759273572587,1.46545111014249,1.40974808162251,1.39617605778996,1.32325032820834,1.22843257278956,1.17900332525091,1.121054544559,1.07141735437321,1.01458853103771,0.95576723716484,0.938566704917329,0.98206259476804,0.960189701126053,0.952044365707999,0.96993007999424,1.02962481745971,1.01478175941964,1.16710523152586,33826
Colorado,4.54620155134661,4.82044454099032,3.77061650260394,3.19025205745507,4.46708099337023,4.12900792855115,3.26233358166864,2.90688916669832,1.97500542957693,2.22019560764483,1.7462945518266,2.02984982040253,2.12114228182726,2.42271369012415,2.34916439143076,2.32705181198255,2.22726188913314,2.20458056016549,2.11257887805417,2.01730388313497,1.87814135359134,1.69757919049535,1.67462926357423,1.62800962320679,1.57296981243519,1.47534728573172,1.42859138368959,1.32699623114662,1.28635452827229,1.14272605429155,1.05447475205356,0.979815306233913,1.00926303838821,0.95633919600324,0.93712522871338,0.922852068344353,0.954893717875712,0.924663795238984,0.923892253749963,1.29846032553365,1.29474174403289,1.25337704579019,1.17821366033189,1.17613963645203,9980
Connecticut,5,10,9.08621383772119,5.91266904720197,5.06198843600678,4.62405536799632,6.67628352385325,4.52740877328391,3.98726057002595,4.17161274294374,3.69431881711209,3.96543653631163,3.0921215889246,2.31991630500083,2.63598021149835,2.51084573839024,2.80275652654336,2.9585600798273,2.34186229778139,2.30034110437675,2.16100765035375,2.21676564201861,2.11645687845238,2.10127645970737,1.75722349875754,1.56961220510791,1.79086842316483,1.60713453913747,1.38309655396003,1.54673072972416,1.46682304531374,1.50362488131277,1.55106284709694,1.31700886861667,1.34130909102383,1.26723733352384,1.2227452673765,1.11061940609639,1.04458413556839,1.0574312694604,1.08548213968433,1.03121831964207,1.00664884395457,1.09065459780287,19301
Delaware,5,5,5,5,25,6.93787174513106,4.41536859729414,3.20576115942779,2.53783611121243,3.92625686867743,4.05735415277024,2.58450040442764,2.50663247441202,2.16503288934178,2.15958676714405,2.81269903420411,2.34627408872601,1.92191794437492,1.5201017239833,1.89173827268232,2.19541155478652,1.86020188411922,1.55506017905648,1.66233462357835,1.704972128731,1.63596046197807,1.49341659759531,1.77994203186973,1.81483980390366,1.82244529191303,1.82513839665591,1.91116281405671,1.76076181910023,1.59710157710394,1.41447016067513,1.40015867443762,1.32110256389231,1.24306238398336,1.04849713343653,0.978361132009823,1.13411945441384,1.19072146497019,0.971765494036526,1.03805047073263,2714
District Of Columbia,15,10.8615123144339,4.33641244557212,5.75835170799698,3.37387897317822,2.2066177601111,2.70655406423868,1.99103515844248,1.91247228277688,2.40677575675932,2.07796513709994,3.46962092397924,2.73633497328595,2.39431869199461,2.23695931110448,2.06276640152311,2.21753183641479,2.26274124854425,1.83890343802544,1.77029898961598,1.63792435418108,1.67170419658417,1.84489376526424,1.78278325817185,1.34252360622037,1.31979619474393,1.45203772421117,1.65164761151341,1.56623987747189,1.39921030956123,1.32368189167833,1.6829204211024,1.53623638135148,1.41153853423901,1.24958474954995,1.17322777617821,0.998380800145918,1.07142748938497,0.950885192058987,1.03775694227314,1.02525098590824,1.107123387706,1.12672375098102,1.25719742099816,2927
Florida,4.94800120578147,4.05785154673255,4.6298319731243,5.47309455164043,3.59002909381435,2.57208477357665,2.75455879498924,2.09429809913687,2.23188518257051,2.72667832219953,3.10991159550322,2.95067764814982,3.31809749531119,2.63300640825368,2.61613699149178,2.39051756629936,2.03078254706239,2.256976735622,2.22137421908246,2.2428871052029,2.30177644544078,2.19295056662501,1.98696954864479,1.94306410501488,1.69991656851524,1.71546796243451,1.60894089632951,1.50138840904211,1.33002991720303,1.31362379648515,1.24343613786029,1.19389558390329,1.09740338531819,1.05011645254274,1.00064827750546,1.00940013590062,0.988040544000896,0.920007904862815,0.922594552136803,0.897731330667025,0.953775017358805,0.93003866526799,0.929333006321178,0.888591081518751,27053
Idaho,5,5,5,5,5,5,20,6.77378760015775,3.228335217547,3.47549135924563,5.09999166088224,6.24751728243851,4.42458287455901,3.26743585146435,2.50071280679819,2.00705157697874,2.3511528994555,3.06700706128692,3.26073087046333,2.78396961412232,2.21969492094544,2.08547127270014,2.35622428745277,2.31810799458597,2.16118495945346,2.27040455030486,2.01239547012318,1.71051039682653,1.41994348270949,1.22175656083408,1.04560188132035,0.85482257444006,0.704210508030429,0.618118681337202,0.578034721654676,0.626537266338664,0.603125436733356,0.592218170931485,0.91211991954376,0.695303147307988,0.736227650800428,0.795270954119843,0.794236110531452,0.953851345006527,1736
Illinois,2.02113548069479,3.44489906203864,4.12789418249938,3.51158271503784,3.13817284677984,3.3237510750667,3.20829881761322,2.39316099087046,2.689679255791,3.14599755118126,3.9538309540463,3.99346140584171,3.53456066075671,2.99771208135957,3.02622388074559,2.47065110992815,2.29686445792481,2.0919008618029,2.2534517518038,2.08654902221301,1.88760798542801,2.03376366357598,1.83297667508936,1.7854264720265,1.75556487583423,1.52053903126388,1.53291790821973,1.61409710359757,1.39335966703343,1.36416829046558,1.33086494599702,1.32727738449515,1.33911267648448,1.28539519673829,1.18446087198105,1.22802902223884,1.20066897128294,1.13921903189813,1.08180649717257,1.03340752385953,1.06319334589639,1.08013984059273,1.01134241178823,0.996009413665476,31371
Indiana,5.49105697733272,8.34364311019476,6.47861792931613,3.29592862059018,2.57785611688406,1.82234138925131,2.42030946561976,1.87618787268171,2.15469740859424,1.51026521434351,1.63083626992916,2.49268919221948,5.16674584666828,2.93196478238112,3.36156889972589,2.98474115356475,3.04210184296352,2.91916398865099,4.30980640040949,2.55209891637837,2.39253312950952,2.22208468483957,2.04299608572756,1.96638652692812,1.89369836809441,1.58161666481612,1.64546435960861,1.60001058353737,1.50637967969811,1.47453702288819,1.41646412782391,1.30679457543792,1.19216303527397,1.18827919597706,1.14674374738144,1.11594392944272,1.01413546653298,0.919061822688897,0.925885503929667,0.998972713541561,1.02748739213398,1.01181857315253,1.03205934215267,1.08002910786744,11677
Iowa,5,45,12.0834803566866,3.99811676472514,2.67784444289555,2.10279534317841,1.79433015858231,1.53695740176356,1.15833410855045,1.1024816847851,1.70258911362376,1.81438115434767,1.5097511998924,2.45013913261247,2.87448560907182,2.41110890241097,2.08361525740506,1.93678512650838,2.03322031666559,2.38355507003695,2.2775948816648,1.91753650981003,2.05008252512444,1.99481041406323,1.77382515617737,1.627315662927,1.52104918106498,1.42829472712101,1.42090692114808,1.2768252848328,1.26239644443821,1.29226255627119,1.3385183653857,1.31440123144674,1.29212042661416,1.20361409011898,1.2178444858263,1.2945137983924,1.22258623566025,1.18861568507303,1.23364358358933,1.24605863959299,1.5498396133997,1.56436433127816,3151
Kansas,10,6.05747589181412,3.66070465155515,2.82170413630682,7.2213637625861,4.85003759968323,2.79208544760895,2.33586229161826,3.06263171132397,2.84190650326008,2.74390603040347,2.947042685379,2.81761285235324,2.60223409741176,2.24488752980408,2.11783923658068,1.97820997592725,2.23383012765787,2.36594436376495,2.20181053612341,2.27288449225365,2.22910066961745,2.00390550410617,1.90027753937483,1.69364828446071,1.55426027818676,1.50736717424469,1.42281205498894,1.27354688032441,1.32623722965519,1.23554598615539,1.38837031298055,1.28169549840545,1.17039735278562,1.16531888221911,1.16931901209767,1.01877492496835,0.992090659038052,0.849787343119322,0.931404571481418,1.0699590178,1.03872117837518,1.00254029396019,1.18585334512705,1985
Louisiana,5,10,18.1724276754424,13.1205922479321,6.37851238587999,5.76521505708464,7.28358875228462,4.28904087647868,3.25835059594269,3.10564880660791,3.07145203685384,3.02472930843622,2.88317922232382,2.83302122590198,2.24364297328221,2.46321964531002,2.21956999505943,2.23710804918336,2.26201146521459,2.07927387063551,1.95238416438894,1.71708665135968,1.5518064075469,1.85463554768609,1.92558853931386,2.3737703081478,2.07494457817168,2.0580934407552,1.74585553162085,1.69380742196614,1.50557139029993,1.28883004675532,1.03501291855281,0.995159274381082,0.82339133575565,0.850498786802434,0.717938978706596,0.643393954465989,0.653440471671556,0.612720106768287,0.611726046414767,0.62034196676257,0.635755612024389,0.731319928656222,24461
Maine,5,5,5,5,10,12.1149517836282,4.95857142832992,2.85413106516307,9.19688943923623,7.48086222602362,4.23466646814405,2.72574064159857,2.61429018864653,2.48725988631516,2.3197722214388,2.00603400179147,1.71482061162337,1.7146050820547,1.6377935653333,1.38835217582493,1.60033017779856,1.71043391459361,1.50507908381208,1.21367029709742,1.47263419024538,1.4856154810231,1.60648851864195,1.32461997155271,1.08427777110005,1.08213860000162,1.17285820270003,0.912505118308283,0.889877968481474,0.783173766839538,0.850524440497308,0.898617578931752,1.10233209325115,1.19570688486563,1.24762601659088,1.17399685832511,1.16245854293579,1.07736915516307,1.06133949212712,0.8131831634916,874
Maryland,4.84250282632051,4.53008964808709,3.14881155691655,2.85425765683899,2.1312878378884,1.96961882418734,3.21674169972785,2.22657854620781,1.89148135464685,2.60351970768818,3.09968242324876,2.89388610521627,3.78387054925985,2.34023882846046,2.31102598870206,2.16043152096729,2.01918079466632,1.89028239714817,2.24925721828462,2.25139148552252,2.45679004103442,2.37671629628184,2.08748104013737,1.95936878523814,1.94289952630465,1.81430358844554,1.74347012673722,1.61460397065459,1.57452624226206,1.55617566244007,1.43095176572491,1.6971510092406,1.639094320036,1.56625842012926,1.51094437674995,1.37166648876132,1.3322893559916,1.29437723267389,1.0709029978478,1.05755619041335,1.04654591023862,1.03678432892609,1.0256768367449,1.04973525139439,13678
Massachusetts,9.53215621830159,8.02436430522825,7.85732563016082,3.72980202683502,2.5631014860681,2.11646126574354,1.9086234717833,1.66493416494967,1.51430826341613,1.16177772418257,1.37270126527556,1.70804463314534,1.99870589500765,2.20717788712712,2.23643560459155,2.10957172411804,2.72384854464129,3.48889519998641,3.09135258207698,2.98015639021613,2.86473269706858,2.37386359530339,2.1255882568686,1.96421675818493,1.80788761595475,1.72817773669182,1.65274013993817,1.50728424386341,1.38810243164317,1.35944739303836,1.31388054254541,1.28199423549264,1.3332263866821,1.32493992179128,1.29626760629492,1.39427179252998,1.29604381248339,1.19404353646562,1.14575245078202,1.10902552872002,1.07947679984587,1.07563253890392,0.989257525503328,1.00073319144418,38787
Michigan,5,5,15,6.51690738866037,14.5627946173169,9.92343741230091,5.08693157305854,4.44235618182997,2.81022007143124,2.29056498282778,2.21671811093478,7.04311808428691,6.30324451858673,4.50005267588596,3.43003399841858,2.94125556207556,2.83402747268734,2.6549036537529,2.25686688932158,2.16177348632088,2.15133037286951,1.99127176916541,1.90806629586098,1.80083070724703,1.83512327733628,1.76771957275334,1.72989323943914,1.57693826055702,1.47963064820749,1.39707138018068,1.35266943633927,1.22894637499025,1.12869817151035,1.01890053555319,0.978034676014848,0.901820629588484,0.866098622653947,0.847297794930972,0.830717232868286,0.869214251936997,0.854060994964811,0.826866437667132,0.858155773806633,0.832639321297807,31280
Minnesota,3.66070465155515,2.82170413630682,3.61068188129305,3.79947798006194,8.17406456884469,5.44245632602655,3.80892528588244,2.68328990563569,4.0096101242854,2.92263748622442,2.34912788644333,2.37719729570522,2.43023665523276,2.19475281437272,2.19699985829877,2.29163688433904,2.02585342144153,1.77388877978394,1.72212775916852,1.6327467178552,1.55459680864015,1.52087011429048,1.39151526390057,1.37286822931855,1.38480833607835,1.27090221809584,1.17228314016746,1.20819722409357,1.16880689475493,1.06800724495057,1.12398172552093,1.1717431712954,1.21891563074652,1.06011617599991,1.27351916552506,1.49988694779975,1.26985105463974,1.16008586696841,1.17297594229545,1.15677076947236,1.3818761259386,1.23387778490005,1.08581865341559,1.22040465072158,2464
Mississippi,5,5,5,5,10,21.2011656213494,9.18813988493115,3.71472512779074,2.73097926196402,3.45235981236949,3.89223389762563,3.64474484155842,3.61252767682283,4.21451352720529,4.03355985225797,3.05254559315824,2.60623360406064,2.27136324277307,2.25708715880578,1.67459461127165,1.20735791311925,1.78934111564218,1.73944793753007,1.55296962078436,1.51854274649366,1.37823422885229,1.57691633196114,1.60069028934607,1.28731779507775,1.19942858098892,1.2578199327003,1.14979036845852,1.2678597032333,1.24920022877815,1.25670785610741,1.14840501274738,1.15914347366307,1.09360667242498,1.23340169898865,1.19269357740678,1.10718588734731,1.07956426768822,1.18833968059645,1.21082599226303,4508
Missouri,10,6.05747589181412,3.66070465155515,2.82170413630682,3.61068188129305,4.74934747507742,3.75415674838317,2.10526470032841,2.37537363524309,1.98938889918537,3.5841949257007,4.36515941251401,6.78740647017951,4.63408357149935,3.11793109201414,3.7573052597748,3.5576554432773,3.26438039822029,3.1407722747321,2.82737534132921,2.52865941568515,2.01806330414486,1.76108749514229,1.91772362509247,1.85979593526535,1.70451166708286,1.58858924959511,1.4157801719264,1.30981476091877,1.39520692222596,1.30425594859785,1.23947175028652,1.14718515945239,1.0854788110668,1.09928275322704,1.10926739406259,1.0066666694893,0.985257531791857,0.939188141527831,0.949998425676764,0.910793736413226,0.925789942834054,0.949017179506946,0.91050060818212,5799
Montana,5,5,5,5,5,25,9.71302044318348,3.79257300698389,3.0739259372396,2.24921497883648,1.78399948993412,1.88712511790172,2.39572331349074,2.68143042440569,2.70418434733027,2.66876263868544,2.33050646318841,2.39531132933386,2.60121845185249,2.53789438566228,2.29387270032123,1.90296144301106,1.63529932298818,1.58490319787183,1.45740610504047,1.31755416216999,1.14317783230144,1.03427931308282,1.02730173975674,1.06793638639772,0.900949433012608,0.86282375203394,0.704057633968353,0.571959777086478,0.456769707810938,0.365001596342202,0.16540395280366,0.201467149042127,0.0180177468846655,1.98633125666012,2.1763989607035,1.79517856787968,1.62144521377982,1.42390758455881,436
Nebraska,3.66070465155515,7.05426034076706,4.91247778899266,5.25861659755823,3.41382896077392,2.44976523838127,2.60815228920163,2.02951747809833,1.3711753049936,1.65222620434612,1.43110895136989,1.43654653191011,1.52198856891376,1.62219173996778,1.50591800361195,1.49802534320165,1.23659468404314,1.2806830407316,1.64274094711766,1.55945274194628,1.66497927840192,2.02580002871852,2.17213645729096,2.15696203361004,2.16793274259603,2.16926108995403,1.97858735017941,1.75975132800719,1.606082332848,1.5655739762933,1.7017146983587,1.53962919696692,1.39037337076065,1.4274773192533,1.39546160314611,1.34199989931162,1.32810177165076,1.13154327041196,1.077419878297,1.03021501056669,0.948346078463262,1.22720621797827,1.15482958803879,1.15189144245644,1292
Nevada,4.73873265659959,3.12499887669232,3.56163491778823,2.56225906399003,2.6597934064443,3.59322478240141,2.64904019154842,2.22720050875873,3.25013190410827,2.76813499866639,2.00387967079295,2.66848144353825,3.43987971232313,2.42405901753134,1.73453345569272,1.53838499722039,2.25467459073382,2.13448027656957,2.17726486276473,1.96466475457831,2.1185057991908,1.79014694681121,2.12665907869605,1.909630424085,1.75951131555718,1.65203950403618,1.60856856779794,1.4796400504801,1.46183393586708,1.19151078866951,1.12325104534255,1.1398692859978,1.09405427997256,1.03046310121581,0.865129562115562,0.761238592267461,0.686758066155393,0.55879375551228,0.413377912468142,1.19330655917081,1.19584204408735,1.3625187884737,1.40677007375491,1.39854658147429,3797
New Hampshire,2.91689734628774,1.90909289535075,1.60762202067078,1.50090503960756,1.78698831708277,1.65121161940041,1.80759461056949,2.72600952189678,3.06366263420926,3.52501279478684,3.88374596219852,2.83984374862136,2.53356861815402,2.28985852516774,2.05067309710368,2.18037121282022,1.71319546242364,1.73104756304582,1.74075342036687,1.77316936080754,1.72520176433072,1.88940695938898,1.40926234405067,1.38142004693921,1.07930190534928,2.15800785675165,2.05017396319819,1.88903694356419,1.55292972228448,1.53718589705411,1.41011539445336,1.39971046542268,0.801984665618838,0.890869254822758,0.835848691720672,0.887057294946738,0.867457668173119,1.00963016497101,1.04871827122074,1.24921625960866,1.13406132966969,1.13290497400474,1.08417843530793,1.10959754044992,1443
New Jersey,4.05974835252115,7.00343773864009,3.71157139445119,2.28016194253813,3.09368490972399,4.28301377946794,3.63013000428473,3.21686138011036,3.84228131503247,3.70498073362175,3.91545456490784,4.01928337981575,3.13662467642337,3.2196816279688,3.23337976223455,3.17634809464773,2.73596820591678,2.2071088315403,2.68341925687704,2.60795531738936,2.31885665462052,2.18313339347835,2.08684106223655,1.96260580629639,1.93618030833128,1.73845926308635,1.76987849760969,1.82900455875064,1.66906433902922,1.53751394179182,1.50220820683947,1.41156800127284,1.33283494168504,1.2178110093904,1.08032149068524,1.04468176604865,0.991027038475384,0.95449554439426,0.916775000250582,0.949601038978045,0.946731660398516,0.942844061393467,0.983061136698954,1.01583281727318,88137
New Mexico,5,5,5,20,10.1606814002366,7.33641582470579,4.56038977774782,2.67562970940533,3.0502433110019,2.46357918764913,2.02336886054302,1.97673278195409,1.81831552078957,2.05034840996238,2.02476558949756,1.95604332323767,1.92288823788735,1.88176566817595,1.9083300877576,2.40107885235634,1.91843613789732,1.75046445419643,1.77146373508686,1.68963236214047,1.66743291219516,1.56040494038661,1.54554134463736,1.55684469255369,1.62166330827302,1.49455243473583,1.58380635124416,1.49076147385211,1.56001965170351,1.43087613544832,1.36846013245013,1.24395298660178,1.24219236367026,0.988179962871093,0.844533794427805,1.09582880050125,1.12349152350949,1.09864026625764,1.03215480100709,1.06348383822593,1971
New York,5.15291425858166,3.73314053718662,2.83611732169672,2.31966953548265,2.76406316528601,2.38725902033716,2.37847773284336,2.20705961401855,2.25608603887395,3.59858946081103,5.2086032172422,5.63001675807668,4.30360846414592,3.99450000806439,3.30187963234122,2.96018360123967,2.52948440455028,2.36381354519943,2.05194661531946,1.84038326937205,1.72609984376065,1.57227995302409,1.47625269878701,1.4087924339741,1.29801185156476,1.26495888008347,1.36659586006201,1.31430433441373,1.27233030161934,1.21251616972962,1.16886101975893,1.17249972163215,1.16754176660826,1.0821381807823,1.05171959657766,1.03546641523931,0.990410366426637,0.973485474539761,0.994942098393413,0.967816827148003,0.921943703409352,0.888205054391858,0.87440837419903,0.872073657366124,247512
North Dakota,5,5,5,5,10,6.05747589181412,3.66070465155515,2.82170413630682,2.40712125419537,6.5033200533517,5.29021257075577,7.06565804096799,4.9599303451811,2.98712620476316,2.21122684370785,1.8587848492295,1.56446340256119,1.68649752522308,1.53592721165531,1.47288589079929,2.05790057639805,1.80934796488523,1.74471306084885,1.76362247299669,1.72664801331321,1.48241194023674,1.37705997912844,1.1255249390822,1.27084645888426,1.28554805298772,1.15988253979747,1.04175697363018,1.0832769019518,1.02239015306646,1.03202647377458,0.971004242722735,1.02099033686073,1.00424338321832,1.09832935535868,1.18057278397878,1.0617846909784,0.903448255345493,0.776959837470575,2.79848611032941,627
Ohio,5,20,6.77378760015775,4.03541902193376,3.23180940850795,5.44934225415343,6.09710959653298,4.72220836480241,3.4602030599223,3.09948044561545,2.79436874299114,2.83118374290036,2.84841780019089,2.96272204326033,3.02001015183126,2.6239537054328,2.53994159831068,2.40811253821373,2.23547091479236,2.31286697493416,2.19261291642907,1.96505232444377,1.8697966637134,1.71359465304593,1.66479756005413,1.61411458874372,1.51623592726311,1.45573344054433,1.3539004398687,1.31112372502118,1.26261599787111,1.19809907174959,1.14650316322227,1.08811244219648,1.04023512451577,1.04817834999845,1.02421730549591,1.00441835750946,1.05970479076851,1.15320817901874,1.2523862664555,1.46771813004739,1.69620597926725,1.7924262167954,12913
Oklahoma,6.05747589181412,5.49105697733272,3.57584704722633,2.54839640060692,2.79447240272746,2.85293195973037,1.78374778122738,3.0783559864558,2.75323131373983,3.65628389338077,4.48893088206613,4.08896787289659,2.87732300311609,2.20697985139674,2.08485909798873,2.04803030479773,2.10805796350733,2.60931548998137,2.98557213658927,2.10461227482364,2.74029583292737,2.35239627595319,1.985322948972,1.87217402172045,1.90285333357683,1.83360358256814,1.82370378508116,1.63076158611772,1.49763732726753,1.3816179280565,1.35435162905664,1.11791517722778,1.07060965046851,1.05127526519594,0.919361331408781,0.935526813528977,0.977328943857635,0.952718060275587,0.99544197939005,0.913062496789438,0.774502442243109,0.694623524598951,0.586400034415306,0.486334831415758,2355
Oregon,6.44092599049735,3.02488443296766,2.16618305886803,2.29002639507899,2.40930942581218,2.42658593367348,2.10585167130946,1.42757213458346,1.65522664780176,2.24272170536863,2.03247482389549,1.9212660210326,2.10845591970947,2.08787412523851,2.05510962909533,1.97637646905144,1.65042512411035,1.88715361606073,1.92550193310874,2.13193005918078,1.99342869756425,1.85311769182599,1.67576983819347,1.67933686053152,1.44086145300647,1.40505186669987,1.22671392688688,1.23894278201373,1.1790529482495,1.14638855501257,1.03530673424699,1.04272228300053,1.01879274297041,0.965654725983289,0.917839666106439,0.956503952717699,0.951309465353287,0.963314425008035,0.912708752714275,0.906989404696232,0.92220392117034,0.899421695296994,0.888200135520386,0.884518458487295,1953
Rhode Island,1.52666675417553,0.933792193069217,0.987119755933445,1.09842259039404,1.20011156386898,3.22461444065989,2.15754477602798,1.73397894244775,1.58177457354255,1.48389282966582,1.41795488822239,1.37213586499278,0.334901607897556,0.377552833598104,0.490173420086698,0.631796119080015,0.807014833089784,102.96812721099,9.56253522871286,4.07015347762095,3.17668068170741,2.4846850285384,2.37671096447464,2.50845946726956,1.95371203363486,1.62572801715857,1.32039840141232,1.16839787962288,1.41562251543486,1.56522774746003,1.46730555956836,1.39483376116599,1.49329637039583,1.37616001189386,1.85045174390969,1.42679356256141,1.06238456280943,1.90185792913472,1.69384095680084,1.66302601909537,1.74981898434954,1.48272263652956,1.52730997781719,1.52181890660915,4229
South Carolina,6.2344266952414,3.97305818232134,2.79107242107231,2.41714100141653,2.0477089983949,1.44579543241315,1.62033111112274,2.17162401836973,2.07414101530638,2.58206799842924,2.61112301609565,2.74425403677515,3.38645576853997,3.23591866580227,2.42321963267738,2.91219993276868,2.40344061983852,2.26203919280212,1.83904462533036,1.70137037291166,1.73784356706859,1.77391918269228,1.66940820080434,1.71828018687766,1.7523557116532,1.91747405127837,1.71345521052169,1.58649913964863,1.43220620469269,1.32306382471131,1.25564526672387,1.11789714614677,1.0609004348035,1.14917686504329,0.946096692757005,1.03632316264991,0.988358772328398,0.926771167720945,0.911088251383188,0.946517366558487,0.868393581835961,1.02747627979799,0.927515986412584,0.883570843250794,4434
South Dakota,5,10,18.1724276754424,7.49748128453263,3.82246081379983,2.71084222597352,2.02422014516538,1.66698962138554,1.47180049326607,0.946938238098327,0.671050683679969,1.01747756675245,0.926767058466745,0.956049831777481,2.1636170734726,2.67907746084493,2.2904776370457,2.79362749447672,2.2692238221424,2.40718647682163,2.32926375237473,2.3309440958284,1.94788535330981,1.5345706687593,1.6929820844481,2.02379666045516,1.8436197668752,1.72794161277763,1.55474857442401,1.69703640319624,1.77869894032863,1.83394445873901,1.67360338531834,1.78518884148705,1.84479056950047,1.86026521016677,1.87747076245619,1.81998987095936,1.79807401611934,1.71562309845968,1.50567463248572,1.39917292549965,1.26727094341865,1.00603358406981,1634
Tennessee,5.64340827261365,3.66565877386782,4.95266650126535,3.557579938061,4.44952969134634,3.02502401999108,3.70893944992,2.94104176627127,3.97563586530829,2.49601509961213,2.45300498450313,2.33910159195673,2.80154283215009,3.32227791125857,3.02356698317264,2.44365041878169,2.13707562177674,1.86106754760529,1.86340862634947,1.84825196630644,1.70413145568082,1.70436737633947,1.79681530306628,1.74904698861267,1.74187734258161,1.9431571697242,1.76626710169883,1.53332912440049,1.38113068550483,1.19632740731901,1.21835100636668,1.17049887037758,0.980100278517985,0.95558131405248,0.971406508259562,0.975377681969237,1.02865345346719,0.907266388285113,0.885341351800945,0.848571701549705,0.997648934122035,0.985437131825439,0.990703076133316,0.965411065756118,6902
Texas,4.62713111656209,3.88369149275779,3.271992163209,2.26112899641369,1.66927729554963,2.39852253310477,2.47075238942625,2.08210658308019,1.53947882816574,1.65200066683153,2.34960454379898,3.85366201106326,3.74426868386803,2.6286943867987,2.18333342989883,3.6232625583344,3.23672671823574,2.96115271965986,2.64945813028904,2.32145369812952,2.1103473891627,2.05242981047211,1.74458077407786,1.68476532649347,1.65829127830475,1.60561482278882,1.5904024300969,1.54217980838297,1.44640759363771,1.35811274283075,1.40704333884453,1.40220134239556,1.32695945611298,1.39056533534776,1.34378037550678,1.27052596562176,1.17628950367397,1.01309184877566,1.03476781783222,1.04283868808409,0.943115677148487,0.876170466012769,0.907322865993029,0.909012995533022,19456
Utah,6.05747589181412,5.49105697733272,3.57584704722633,2.54839640060692,4.19170860409119,3.47752815563268,6.47325201696824,3.95585294064086,3.19170561356716,3.99237729233436,3.36223269547215,2.60985620021218,2.74038622009361,2.27359246105498,2.40601514033173,2.63644974720866,2.1848814176199,1.94805851376567,1.9046149356622,1.86099702288461,1.95809854769303,1.87310230760484,1.63783874046073,1.52967864215108,1.55265430082339,1.4070694429216,1.44078515864745,1.42900278423043,1.40494438478096,1.27883944430092,1.16892084954292,1.09541668195011,1.14475347114772,1.05955343402822,0.94571553959466,0.863524762617747,0.853789726400437,0.869990278818278,0.933672921044816,0.9672331702612,0.974282159364493,1.01492575341688,1.05553624713835,1.1733649535592,3219
Vermont,10,6.05747589181412,3.66070465155515,2.82170413630682,3.61068188129305,2.84960848504645,3.73723538033674,2.20691727156696,3.51545646349243,3.96554591505856,2.6177640507955,2.24781343067674,1.81248483903598,3.08198208331497,4.19107784285615,2.47461203593306,3.27157897377637,3.15720690808037,2.66770942268048,2.37439662841609,1.95177290739268,1.6076491301009,1.61630952830749,1.32884290930597,1.19635073479963,1.13958410376443,1.23453314635173,1.4212707278694,1.46042650190551,1.31190299935526,1.31998671926952,1.2378899248895,1.15369714877213,1.0445491025092,0.950298047740185,0.843999394262972,0.855238114686092,0.700368627468242,0.645673569979151,0.6491231171885,0.590994067823769,0.515602381998353,0.508371486983781,0.441501936400439,802
Virginia,15,21.7230246288679,5.54360759405045,2.74575663083325,1.99073245900574,5.6093694916445,3.61249153091141,2.2499883655525,1.63684258076588,2.24093190773779,2.10614987163751,2.11713971798594,1.52655153417922,1.98021603839504,2.74289584068887,2.43796284769387,1.92386602571668,2.2445583460637,2.08480501463941,2.28326057454439,2.20839390612427,1.97525292823438,1.84608137404091,1.98018270052782,1.8821266519142,1.77356458114662,1.64587907928146,1.67927016117153,1.55623458031763,1.46375277149311,1.4815867101215,1.38002401965692,1.39662823431299,1.39628802708062,1.39170018848422,1.26180579349464,1.28137423455115,1.19887498484998,1.16799334463599,1.10846880895069,1.0937186778547,1.06031292766832,1.14361715453163,1.09751728468054,7358
Washington,2.49690934022287,2.4390266612549,3.11983416831473,2.75460837938749,2.35287800590556,2.25543739782927,2.12046743090395,1.85517977977184,1.76662959338083,1.64679050083382,1.48120094527291,1.56582203891912,1.53904929953082,1.60823859888809,1.60481694306722,1.61314204706662,1.56849415933447,1.49743461944237,1.65026330657192,1.78111217946051,1.64783307275644,1.5460914697665,1.50334419189781,1.33666409307764,1.28495304193075,1.10703933954244,0.925617872308882,0.893764438549323,0.98554988683531,0.917521582290861,1.00921992475285,1.0881698501806,1.12775366458278,1.14902940409062,1.1504980482949,1.03001250925382,0.991850601226106,0.921952265070573,0.823615780882526,0.800458567401775,0.777022147528299,0.79200916050704,0.803433305837536,0.860932400422242,11926
West Virginia,5,5,5,5,5,5,5,5,5,10,9.08621383772119,7.39083630900246,6.84163262508114,5.09199386241393,3.79709194629982,3.03595175679873,3.89951643137758,3.29759744033971,2.14099947156924,3.22281139765093,2.7139868540187,2.08274053378891,1.94147255400389,1.60761422157447,1.57689953868248,1.68758137816626,1.24842750463071,1.36552124637619,1.50443876676331,1.39120759084404,1.58889193475079,1.66309533034244,1.52858380806797,1.50941722027302,1.25694008676558,1.08228310744466,1.04718143604919,1.00287803128089,0.862481539552777,0.743439380648272,0.773597268551839,0.945998086227602,1.18025299268127,1.13696312098158,906
Wisconsin,5,20,6.77378760015775,3.228335217547,4.0547399191199,8.05439763097166,5.49120541641075,3.52520472586854,3.04286145014119,3.3659978565649,3.48212185907662,3.40384385604015,2.90341399215971,2.81192386404577,2.82836652160632,2.16489645523455,1.78738013503427,1.88349890981638,1.84793849122839,1.80544951289124,1.71593019328609,1.53143505521556,1.508757728079,1.50359090279955,1.4614744659109,1.40716196499732,1.35229882600256,1.30937194076483,1.25758126122708,1.25134192137981,1.19629823719411,1.12351723684684,1.04109609175052,1.02246746919573,0.971681061837259,0.950553269362497,0.883187108815528,0.890403759014063,0.903071430653777,0.947244511126758,0.950024338586963,0.966604726653049,0.99442987672732,1.06797355150849,4498
Wyoming,5,5,5,5,10,9.08621383772119,5.91266904720197,3.37465895733785,6.52430852870546,5.3809387118053,3.50535974188976,2.18413008902454,1.98373937841302,1.74322434151537,1.63999488495551,1.21019330691341,1.30207058628904,1.73569937159824,1.8497556374107,2.16913219638468,2.09748943770487,1.67829111959747,1.60684183358185,1.78883789572676,1.64958793659244,1.60006990001798,1.34830749795578,1.36581799470279,1.40784473926703,1.33387668236884,1.07086103406077,0.953127555345813,0.885750024701003,0.905659364628264,0.801183396792367,0.798159383881993,0.745583613658309,0.763929149514131,0.771890527462551,0.802670645370802,0.786774244101836,0.750702193127387,0.714040577255821,0.74607656664838,317
